timestamp;buyer;seller;symbol;currency;price;quantity
0;BOT_MAKER;BOT_TAKER;TOMATOES;XIRECS;4999.0;5
1500;BOT_TAKER;BOT_MAKER;TOMATOES;XIRECS;5015.0;5
1700;BOT_MAKER;BOT_TAKER;TOMATOES;XIRECS;5002.0;3
2100;BOT_MAKER;BOT_TAKER;TOMATOES;XIRECS;5004.0;2
2600;BOT_MAKER;BOT_TAKER;TOMATOES;XIRECS;5004.0;5
2900;SUBMISSION;BOT_TAKER;EMERALDS;XIRECS;9993.0;5
4900;BOT_TAKER;BOT_MAKER;TOMATOES;XIRECS;5022.0;2
6600;SUBMISSION;BOT_TAKER;EMERALDS;XIRECS;9993.0;5
6600;BOT_MAKER;BOT_TAKER;TOMATOES;XIRECS;5011.0;2
6600;SUBMISSION;BOT_TAKER;TOMATOES;XIRECS;5010.0;2
7800;BOT_TAKER;SUBMISSION;EMERALDS;XIRECS;10007.0;8
7900;BOT_MAKER;BOT_TAKER;TOMATOES;XIRECS;5004.0;5
8600;BOT_MAKER;BOT_TAKER;TOMATOES;XIRECS;5005.0;3
9500;BOT_TAKER;BOT_MAKER;TOMATOES;XIRECS;5017.0;4
10600;BOT_MAKER;BOT_TAKER;TOMATOES;XIRECS;5005.0;2
16000;BOT_MAKER;BOT_TAKER;TOMATOES;XIRECS;5003.0;2
16300;BOT_TAKER;BOT_MAKER;TOMATOES;XIRECS;5017.0;3
16800;BOT_MAKER;BOT_TAKER;TOMATOES;XIRECS;5002.0;4
17000;BOT_TAKER;BOT_MAKER;TOMATOES;XIRECS;5016.0;2
19200;SUBMISSION;BOT_TAKER;TOMATOES;XIRECS;5001.0;4
19800;BOT_MAKER;BOT_TAKER;TOMATOES;XIRECS;4999.0;2
20600;BOT;SUBMISSION;TOMATOES;XIRECS;5008.0;8
20700;SUBMISSION;BOT_TAKER;TOMATOES;XIRECS;5001.0;4
20900;SUBMISSION;BOT_TAKER;EMERALDS;XIRECS;9993.0;7
23200;BOT_TAKER;SUBMISSION;EMERALDS;XIRECS;10007.0;7
28200;BOT_TAKER;SUBMISSION;EMERALDS;XIRECS;10007.0;8
28600;BOT_MAKER;BOT_TAKER;TOMATOES;XIRECS;5000.0;3
31600;SUBMISSION;BOT_TAKER;TOMATOES;XIRECS;5000.0;3
33000;BOT_TAKER;BOT_MAKER;TOMATOES;XIRECS;5011.0;3
34500;BOT_TAKER;SUBMISSION;EMERALDS;XIRECS;10007.0;8
35000;BOT_TAKER;SUBMISSION;TOMATOES;XIRECS;5011.0;4
35500;BOT_MAKER;BOT_TAKER;TOMATOES;XIRECS;4999.0;4
36500;BOT_TAKER;BOT_MAKER;TOMATOES;XIRECS;5013.0;3
36600;BOT_MAKER;BOT_TAKER;TOMATOES;XIRECS;5001.0;4
39000;BOT_TAKER;SUBMISSION;EMERALDS;XIRECS;10007.0;6
40100;SUBMISSION;BOT_TAKER;EMERALDS;XIRECS;9993.0;8
42000;BOT_TAKER;SUBMISSION;EMERALDS;XIRECS;10007.0;5
43700;BOT_TAKER;SUBMISSION;EMERALDS;XIRECS;10007.0;3
43900;BOT_MAKER;BOT_TAKER;TOMATOES;XIRECS;4998.0;2
45300;BOT_TAKER;SUBMISSION;TOMATOES;XIRECS;5010.0;3
45600;SUBMISSION;BOT_TAKER;EMERALDS;XIRECS;9993.0;5
46700;BOT_TAKER;BOT_MAKER;TOMATOES;XIRECS;5012.0;4
47900;SUBMISSION;BOT_TAKER;TOMATOES;XIRECS;5000.0;4
49600;SUBMISSION;BOT_TAKER;EMERALDS;XIRECS;9993.0;3
49900;BOT_TAKER;SUBMISSION;EMERALDS;XIRECS;10007.0;5
51000;BOT_TAKER;SUBMISSION;EMERALDS;XIRECS;10007.0;8
52400;SUBMISSION;BOT_TAKER;EMERALDS;XIRECS;9993.0;5
53500;SUBMISSION;BOT_TAKER;EMERALDS;XIRECS;9993.0;5
54900;BOT_MAKER;BOT_TAKER;TOMATOES;XIRECS;4994.0;2
55000;BOT_TAKER;SUBMISSION;EMERALDS;XIRECS;10007.0;7
61300;BOT_TAKER;BOT_MAKER;TOMATOES;XIRECS;5000.0;2
61300;BOT_TAKER;SUBMISSION;TOMATOES;XIRECS;5002.0;2
67400;BOT_TAKER;SUBMISSION;EMERALDS;XIRECS;10007.0;8
73000;BOT_MAKER;BOT_TAKER;TOMATOES;XIRECS;4994.0;4
73800;SUBMISSION;BOT;TOMATOES;XIRECS;5000.0;8
76100;SUBMISSION;BOT_TAKER;EMERALDS;XIRECS;9993.0;5
77600;BOT_MAKER;BOT_TAKER;TOMATOES;XIRECS;4997.0;3
78000;SUBMISSION;BOT_TAKER;EMERALDS;XIRECS;9993.0;6
79700;SUBMISSION;BOT_TAKER;TOMATOES;XIRECS;4994.0;3
80500;BOT_TAKER;SUBMISSION;TOMATOES;XIRECS;5007.0;3
80700;BOT_TAKER;SUBMISSION;TOMATOES;XIRECS;5006.0;2
82300;SUBMISSION;BOT_TAKER;EMERALDS;XIRECS;9993.0;4
87100;BOT_TAKER;SUBMISSION;EMERALDS;XIRECS;9999.0;3
88900;SUBMISSION;BOT_TAKER;EMERALDS;XIRECS;9993.0;4
92300;SUBMISSION;BOT_TAKER;EMERALDS;XIRECS;9993.0;6
92900;BOT_TAKER;BOT_MAKER;TOMATOES;XIRECS;4999.0;4
93100;SUBMISSION;BOT_TAKER;EMERALDS;XIRECS;9993.0;5
94600;BOT_TAKER;BOT_MAKER;TOMATOES;XIRECS;5009.0;5
96200;BOT_TAKER;BOT_MAKER;TOMATOES;XIRECS;5008.0;2
96300;BOT_MAKER;BOT_TAKER;TOMATOES;XIRECS;4995.0;4
97500;SUBMISSION;BOT_TAKER;EMERALDS;XIRECS;9993.0;7
97900;BOT_MAKER;BOT_TAKER;TOMATOES;XIRECS;4992.0;2
101200;BOT_TAKER;BOT_MAKER;TOMATOES;XIRECS;5004.0;4
103200;SUBMISSION;BOT_TAKER;EMERALDS;XIRECS;9993.0;7
107200;BOT_TAKER;SUBMISSION;TOMATOES;XIRECS;5014.0;2
111000;BOT_TAKER;BOT_MAKER;TOMATOES;XIRECS;5014.0;5
114200;BOT_MAKER;BOT_TAKER;TOMATOES;XIRECS;5000.0;4
120400;BOT_MAKER;BOT_TAKER;TOMATOES;XIRECS;5006.0;2
122800;BOT_TAKER;BOT_MAKER;TOMATOES;XIRECS;5017.0;5
123000;BOT;SUBMISSION;TOMATOES;XIRECS;5012.0;8
123300;SUBMISSION;BOT_TAKER;TOMATOES;XIRECS;5005.0;3
125100;BOT_TAKER;BOT_MAKER;TOMATOES;XIRECS;5018.0;4
125200;BOT_MAKER;BOT_TAKER;TOMATOES;XIRECS;5005.0;4
127000;BOT_MAKER;BOT_TAKER;TOMATOES;XIRECS;5006.0;2
127400;SUBMISSION;BOT_TAKER;EMERALDS;XIRECS;9993.0;3
128400;BOT_TAKER;BOT_MAKER;TOMATOES;XIRECS;5022.0;5
131700;BOT_MAKER;BOT_TAKER;TOMATOES;XIRECS;5018.0;4
132200;SUBMISSION;BOT;TOMATOES;XIRECS;5022.0;12
133400;BOT_TAKER;BOT_MAKER;TOMATOES;XIRECS;5032.0;4
133800;SUBMISSION;BOT_TAKER;EMERALDS;XIRECS;9993.0;7
134000;SUBMISSION;BOT;TOMATOES;XIRECS;5019.0;5
134700;BOT_TAKER;BOT_MAKER;TOMATOES;XIRECS;5027.0;4
136600;BOT_MAKER;BOT_TAKER;TOMATOES;XIRECS;5013.0;3
137400;SUBMISSION;BOT;TOMATOES;XIRECS;5018.0;3
137700;BOT_TAKER;SUBMISSION;TOMATOES;XIRECS;5023.0;4
138900;BOT_TAKER;SUBMISSION;TOMATOES;XIRECS;5022.0;2
141500;BOT_MAKER;BOT_TAKER;TOMATOES;XIRECS;5015.0;3
142000;BOT_TAKER;BOT_MAKER;TOMATOES;XIRECS;5030.0;2
145500;BOT_TAKER;SUBMISSION;TOMATOES;XIRECS;5032.0;4
145800;BOT_TAKER;SUBMISSION;TOMATOES;XIRECS;5033.0;5
146200;BOT_MAKER;BOT_TAKER;TOMATOES;XIRECS;5022.0;4
148100;SUBMISSION;BOT_TAKER;TOMATOES;XIRECS;5019.0;2
151300;SUBMISSION;BOT_TAKER;EMERALDS;XIRECS;9993.0;6
154300;BOT_TAKER;BOT_MAKER;TOMATOES;XIRECS;5034.0;2
160500;BOT_MAKER;BOT_TAKER;TOMATOES;XIRECS;5017.0;3
162300;BOT_TAKER;BOT_MAKER;TOMATOES;XIRECS;5031.0;5
167200;BOT_MAKER;BOT_TAKER;TOMATOES;XIRECS;5014.0;3
168600;BOT_TAKER;BOT_MAKER;TOMATOES;XIRECS;5029.0;2
168800;BOT;SUBMISSION;TOMATOES;XIRECS;5024.0;9
169500;SUBMISSION;BOT_TAKER;EMERALDS;XIRECS;9993.0;8
172100;BOT_TAKER;BOT_MAKER;TOMATOES;XIRECS;5028.0;5
172200;BOT_TAKER;BOT_MAKER;TOMATOES;XIRECS;5027.0;2
178200;BOT_MAKER;BOT_TAKER;TOMATOES;XIRECS;5016.0;2
179400;BOT_TAKER;BOT_MAKER;TOMATOES;XIRECS;5030.0;5
180100;BOT;SUBMISSION;TOMATOES;XIRECS;5026.0;12
180200;SUBMISSION;BOT_TAKER;EMERALDS;XIRECS;9993.0;3
180700;BOT_TAKER;BOT_MAKER;TOMATOES;XIRECS;5031.0;3
181500;BOT_MAKER;BOT_TAKER;TOMATOES;XIRECS;5016.0;2
184000;BOT_TAKER;BOT_MAKER;TOMATOES;XIRECS;5030.0;5
184100;SUBMISSION;BOT_TAKER;TOMATOES;XIRECS;5017.0;4
184400;BOT_TAKER;SUBMISSION;EMERALDS;XIRECS;10007.0;7
184600;SUBMISSION;BOT_TAKER;TOMATOES;XIRECS;5018.0;3
184800;SUBMISSION;BOT;TOMATOES;XIRECS;5021.0;12
185200;BOT_TAKER;BOT_MAKER;TOMATOES;XIRECS;5030.0;4
187800;BOT_TAKER;SUBMISSION;EMERALDS;XIRECS;10007.0;8
187900;BOT_MAKER;BOT_TAKER;TOMATOES;XIRECS;5023.0;5
190600;BOT_MAKER;BOT_TAKER;TOMATOES;XIRECS;5027.0;3
191000;BOT_TAKER;BOT_MAKER;TOMATOES;XIRECS;5039.0;4
191200;BOT_TAKER;SUBMISSION;EMERALDS;XIRECS;10007.0;8
192700;BOT_MAKER;BOT_TAKER;TOMATOES;XIRECS;5025.0;2
198900;SUBMISSION;BOT_TAKER;TOMATOES;XIRECS;5019.0;3
199900;SUBMISSION;BOT_TAKER;EMERALDS;XIRECS;9993.0;8
200900;BOT_TAKER;SUBMISSION;EMERALDS;XIRECS;10007.0;7
201900;SUBMISSION;BOT_TAKER;EMERALDS;XIRECS;9993.0;4
202300;BOT;SUBMISSION;TOMATOES;XIRECS;5032.0;9
202800;BOT_TAKER;SUBMISSION;EMERALDS;XIRECS;10007.0;5
205100;BOT_MAKER;BOT_TAKER;TOMATOES;XIRECS;5024.0;3
205500;SUBMISSION;BOT_TAKER;EMERALDS;XIRECS;9993.0;6
206900;BOT_MAKER;BOT_TAKER;TOMATOES;XIRECS;5025.0;4
207000;BOT_TAKER;SUBMISSION;EMERALDS;XIRECS;10007.0;6
207900;SUBMISSION;BOT_TAKER;TOMATOES;XIRECS;5022.0;3
210800;BOT_MAKER;BOT_TAKER;TOMATOES;XIRECS;5022.0;2
211800;SUBMISSION;BOT_TAKER;TOMATOES;XIRECS;5022.0;4
212200;SUBMISSION;BOT_TAKER;EMERALDS;XIRECS;9993.0;5
213700;SUBMISSION;BOT;TOMATOES;XIRECS;5029.0;6
214900;BOT_MAKER;BOT_TAKER;TOMATOES;XIRECS;5023.0;5
215200;BOT_MAKER;BOT_TAKER;TOMATOES;XIRECS;5023.0;4
220500;BOT_TAKER;SUBMISSION;EMERALDS;XIRECS;10007.0;5
220600;BOT_MAKER;BOT_TAKER;TOMATOES;XIRECS;5019.0;5
221700;BOT_TAKER;SUBMISSION;EMERALDS;XIRECS;10007.0;8
223400;BOT_TAKER;BOT_MAKER;TOMATOES;XIRECS;5031.0;3
226200;BOT_TAKER;SUBMISSION;EMERALDS;XIRECS;10007.0;7
227100;BOT_TAKER;BOT_MAKER;TOMATOES;XIRECS;5031.0;4
229300;BOT_TAKER;SUBMISSION;TOMATOES;XIRECS;5031.0;5
229700;SUBMISSION;BOT_TAKER;EMERALDS;XIRECS;9993.0;6
230400;BOT_MAKER;BOT_TAKER;TOMATOES;XIRECS;5020.0;4
233200;BOT_MAKER;BOT_TAKER;TOMATOES;XIRECS;5019.0;2
234000;SUBMISSION;BOT_TAKER;TOMATOES;XIRECS;5019.0;3
234300;SUBMISSION;BOT_TAKER;EMERALDS;XIRECS;9993.0;4
234900;BOT_MAKER;BOT_TAKER;TOMATOES;XIRECS;5020.0;3
237100;BOT_MAKER;BOT_TAKER;TOMATOES;XIRECS;5022.0;2
238900;BOT_MAKER;BOT_TAKER;TOMATOES;XIRECS;5019.0;3
242700;SUBMISSION;BOT_TAKER;EMERALDS;XIRECS;9993.0;6
243000;SUBMISSION;BOT;TOMATOES;XIRECS;5021.0;5
243200;BOT_TAKER;SUBMISSION;EMERALDS;XIRECS;10007.0;3
247400;BOT_MAKER;BOT_TAKER;TOMATOES;XIRECS;5019.0;4
248900;SUBMISSION;BOT_TAKER;EMERALDS;XIRECS;9993.0;8
249900;BOT_MAKER;BOT_TAKER;TOMATOES;XIRECS;5018.0;3
250900;BOT_TAKER;SUBMISSION;EMERALDS;XIRECS;10007.0;5
252200;BOT_MAKER;BOT_TAKER;TOMATOES;XIRECS;5021.0;3
254300;SUBMISSION;BOT;TOMATOES;XIRECS;5025.0;10
255000;BOT_TAKER;SUBMISSION;EMERALDS;XIRECS;10007.0;7
256800;BOT_TAKER;SUBMISSION;EMERALDS;XIRECS;10007.0;5
258100;BOT;SUBMISSION;TOMATOES;XIRECS;5035.0;10
258800;BOT_TAKER;SUBMISSION;TOMATOES;XIRECS;5038.0;5
261500;BOT_MAKER;BOT_TAKER;TOMATOES;XIRECS;5032.0;3
261800;SUBMISSION;BOT_TAKER;EMERALDS;XIRECS;9993.0;4
262600;BOT_MAKER;BOT_TAKER;TOMATOES;XIRECS;5033.0;5
263400;SUBMISSION;BOT_TAKER;TOMATOES;XIRECS;5033.0;2
264000;SUBMISSION;BOT_TAKER;EMERALDS;XIRECS;9993.0;5
265900;SUBMISSION;BOT_TAKER;EMERALDS;XIRECS;9993.0;7
267800;BOT_TAKER;SUBMISSION;EMERALDS;XIRECS;10007.0;7
267900;BOT_MAKER;BOT_TAKER;TOMATOES;XIRECS;5034.0;4
268600;BOT_TAKER;BOT_MAKER;TOMATOES;XIRECS;5047.0;3
269100;BOT_MAKER;BOT_TAKER;TOMATOES;XIRECS;5040.0;2
269100;BOT_MAKER;BOT_TAKER;TOMATOES;XIRECS;5034.0;2
269500;SUBMISSION;BOT_TAKER;EMERALDS;XIRECS;9993.0;7
270800;BOT_TAKER;SUBMISSION;EMERALDS;XIRECS;10007.0;3
271000;SUBMISSION;BOT_TAKER;EMERALDS;XIRECS;9993.0;6
271200;BOT_MAKER;BOT_TAKER;TOMATOES;XIRECS;5033.0;3
271400;BOT_TAKER;SUBMISSION;EMERALDS;XIRECS;10007.0;7
272700;BOT_MAKER;BOT_TAKER;TOMATOES;XIRECS;5031.0;2
274500;BOT_MAKER;BOT_TAKER;TOMATOES;XIRECS;5032.0;3
276500;BOT_MAKER;BOT_TAKER;TOMATOES;XIRECS;5034.0;3
277400;BOT_TAKER;SUBMISSION;TOMATOES;XIRECS;5044.0;4
277900;SUBMISSION;BOT_TAKER;EMERALDS;XIRECS;9993.0;8
280600;BOT_TAKER;SUBMISSION;TOMATOES;XIRECS;5043.0;5
285500;BOT_MAKER;BOT_TAKER;TOMATOES;XIRECS;5038.0;2
286100;SUBMISSION;BOT_TAKER;EMERALDS;XIRECS;9993.0;5
286800;SUBMISSION;BOT_TAKER;EMERALDS;XIRECS;9993.0;5
288200;BOT_TAKER;SUBMISSION;EMERALDS;XIRECS;10007.0;7
288800;BOT_MAKER;BOT_TAKER;TOMATOES;XIRECS;5041.0;4
289900;BOT_MAKER;BOT_TAKER;TOMATOES;XIRECS;5040.0;2
290800;BOT_TAKER;SUBMISSION;TOMATOES;XIRECS;5053.0;3
292300;BOT_MAKER;BOT_TAKER;TOMATOES;XIRECS;5042.0;4
295400;BOT_TAKER;BOT_MAKER;TOMATOES;XIRECS;5060.0;3
296600;BOT_MAKER;BOT_TAKER;TOMATOES;XIRECS;5045.0;2
296900;BOT_MAKER;BOT_TAKER;TOMATOES;XIRECS;5046.0;4
297700;SUBMISSION;BOT_TAKER;EMERALDS;XIRECS;9993.0;5
298600;BOT_TAKER;SUBMISSION;TOMATOES;XIRECS;5059.0;5
299300;SUBMISSION;BOT;TOMATOES;XIRECS;5052.0;5
301100;SUBMISSION;BOT_TAKER;TOMATOES;XIRECS;5048.0;5
304200;BOT_TAKER;BOT_MAKER;TOMATOES;XIRECS;5060.0;2
304900;BOT_TAKER;BOT_MAKER;TOMATOES;XIRECS;5059.0;2
305900;BOT_MAKER;BOT_TAKER;TOMATOES;XIRECS;5046.0;2
306500;BOT_TAKER;BOT_MAKER;TOMATOES;XIRECS;5054.0;4
307400;BOT_TAKER;BOT_MAKER;TOMATOES;XIRECS;5060.0;4
308000;BOT_MAKER;BOT_TAKER;TOMATOES;XIRECS;5047.0;3
308300;BOT_TAKER;SUBMISSION;EMERALDS;XIRECS;10007.0;8
308800;BOT_TAKER;BOT_MAKER;TOMATOES;XIRECS;5060.0;3
309500;BOT_TAKER;SUBMISSION;EMERALDS;XIRECS;10007.0;8
310000;SUBMISSION;BOT;TOMATOES;XIRECS;5053.0;12
310800;SUBMISSION;BOT_TAKER;EMERALDS;XIRECS;9993.0;4
311600;BOT_TAKER;SUBMISSION;TOMATOES;XIRECS;5056.0;3
316500;SUBMISSION;BOT_TAKER;EMERALDS;XIRECS;9993.0;6
318200;BOT_TAKER;SUBMISSION;EMERALDS;XIRECS;10007.0;7
318600;BOT_MAKER;BOT_TAKER;TOMATOES;XIRECS;5048.0;3
319800;BOT_TAKER;SUBMISSION;TOMATOES;XIRECS;5060.0;2
320700;BOT_MAKER;BOT_TAKER;TOMATOES;XIRECS;5046.0;3
321700;BOT_TAKER;BOT_MAKER;TOMATOES;XIRECS;5061.0;2
322000;BOT;SUBMISSION;TOMATOES;XIRECS;5056.0;7
324100;SUBMISSION;BOT_TAKER;EMERALDS;XIRECS;9993.0;7
325400;BOT_TAKER;BOT_MAKER;TOMATOES;XIRECS;5064.0;2
327100;BOT_TAKER;SUBMISSION;TOMATOES;XIRECS;5065.0;3
330300;BOT_TAKER;SUBMISSION;TOMATOES;XIRECS;5065.0;4
333400;BOT_TAKER;SUBMISSION;EMERALDS;XIRECS;10007.0;4
334100;BOT_MAKER;BOT_TAKER;TOMATOES;XIRECS;5053.0;3
335500;SUBMISSION;BOT_TAKER;EMERALDS;XIRECS;9993.0;5
336400;BOT_TAKER;BOT_MAKER;TOMATOES;XIRECS;5068.0;5
338500;BOT_MAKER;BOT_TAKER;TOMATOES;XIRECS;5055.0;3
338800;SUBMISSION;BOT_TAKER;TOMATOES;XIRECS;5055.0;4
339100;BOT_TAKER;SUBMISSION;TOMATOES;XIRECS;5068.0;5
344400;BOT_TAKER;BOT_MAKER;TOMATOES;XIRECS;5073.0;5
345200;BOT_TAKER;BOT_MAKER;TOMATOES;XIRECS;5073.0;3
345600;SUBMISSION;BOT_TAKER;EMERALDS;XIRECS;9993.0;5
353600;BOT_TAKER;SUBMISSION;EMERALDS;XIRECS;10007.0;4
354300;BOT_TAKER;BOT_MAKER;TOMATOES;XIRECS;5076.0;5
361400;SUBMISSION;BOT;TOMATOES;XIRECS;5066.0;10
363300;BOT_MAKER;BOT_TAKER;TOMATOES;XIRECS;5059.0;3
364300;SUBMISSION;BOT_TAKER;TOMATOES;XIRECS;5062.0;4
364600;BOT;SUBMISSION;TOMATOES;XIRECS;5066.0;5
366600;SUBMISSION;BOT_TAKER;EMERALDS;XIRECS;9993.0;7
367100;SUBMISSION;BOT;TOMATOES;XIRECS;5064.0;5
367100;SUBMISSION;BOT_TAKER;EMERALDS;XIRECS;9993.0;4
367400;BOT_TAKER;SUBMISSION;EMERALDS;XIRECS;10007.0;7
368100;BOT_TAKER;SUBMISSION;TOMATOES;XIRECS;5073.0;5
370500;BOT_TAKER;BOT_MAKER;TOMATOES;XIRECS;5075.0;4
372700;BOT_TAKER;SUBMISSION;TOMATOES;XIRECS;5072.0;2
374000;BOT_MAKER;BOT_TAKER;TOMATOES;XIRECS;5066.0;4
374000;BOT_MAKER;BOT_TAKER;TOMATOES;XIRECS;5060.0;1
375300;BOT_TAKER;SUBMISSION;EMERALDS;XIRECS;10007.0;5
376100;BOT_MAKER;BOT_TAKER;TOMATOES;XIRECS;5062.0;3
378000;BOT_TAKER;SUBMISSION;EMERALDS;XIRECS;10007.0;7
380700;BOT_MAKER;BOT_TAKER;TOMATOES;XIRECS;5061.0;3
384100;BOT_MAKER;BOT_TAKER;TOMATOES;XIRECS;5059.0;3
386400;BOT_TAKER;BOT_MAKER;TOMATOES;XIRECS;5071.0;5
395300;SUBMISSION;BOT;TOMATOES;XIRECS;5068.0;11
395600;BOT_MAKER;BOT_TAKER;TOMATOES;XIRECS;5062.0;2
396900;BOT_MAKER;BOT_TAKER;TOMATOES;XIRECS;5063.0;2
397100;BOT_TAKER;SUBMISSION;EMERALDS;XIRECS;10007.0;8
397200;BOT_MAKER;BOT_TAKER;TOMATOES;XIRECS;5063.0;3
401400;BOT_MAKER;BOT_TAKER;TOMATOES;XIRECS;5064.0;4
402200;BOT_MAKER;BOT_TAKER;TOMATOES;XIRECS;5065.0;5
402700;SUBMISSION;BOT_TAKER;EMERALDS;XIRECS;9993.0;3
403900;BOT_MAKER;BOT_TAKER;TOMATOES;XIRECS;5067.0;4
404500;BOT_MAKER;BOT_TAKER;TOMATOES;XIRECS;5067.0;2
405100;SUBMISSION;BOT_TAKER;EMERALDS;XIRECS;9993.0;3
410000;BOT_TAKER;SUBMISSION;TOMATOES;XIRECS;5078.0;3
410500;SUBMISSION;BOT_TAKER;EMERALDS;XIRECS;9993.0;5
412600;BOT_MAKER;BOT_TAKER;TOMATOES;XIRECS;5064.0;2
414100;SUBMISSION;BOT_TAKER;EMERALDS;XIRECS;9993.0;8
416600;BOT_TAKER;SUBMISSION;TOMATOES;XIRECS;5077.0;2
418000;BOT_TAKER;BOT_MAKER;TOMATOES;XIRECS;5074.0;2
418500;BOT_TAKER;BOT_MAKER;TOMATOES;XIRECS;5075.0;4
419200;BOT_TAKER;BOT_MAKER;TOMATOES;XIRECS;5074.0;3
422800;BOT_MAKER;BOT_TAKER;TOMATOES;XIRECS;5061.0;2
424700;BOT_TAKER;SUBMISSION;TOMATOES;XIRECS;5077.0;5
427300;SUBMISSION;BOT_TAKER;EMERALDS;XIRECS;9993.0;5
429500;BOT_MAKER;BOT_TAKER;TOMATOES;XIRECS;5063.0;5
430700;BOT_TAKER;BOT_MAKER;TOMATOES;XIRECS;5082.0;5
431300;BOT_TAKER;BOT_MAKER;TOMATOES;XIRECS;5081.0;3
432200;BOT_TAKER;SUBMISSION;EMERALDS;XIRECS;10007.0;5
434200;BOT_TAKER;SUBMISSION;EMERALDS;XIRECS;10007.0;6
436000;BOT_MAKER;BOT_TAKER;TOMATOES;XIRECS;5074.0;5
441000;BOT_TAKER;SUBMISSION;TOMATOES;XIRECS;5080.0;3
442100;BOT_TAKER;BOT_MAKER;TOMATOES;XIRECS;5081.0;3
443000;BOT_MAKER;BOT_TAKER;TOMATOES;XIRECS;5068.0;4
450500;BOT_TAKER;BOT_MAKER;TOMATOES;XIRECS;5078.0;4
452100;SUBMISSION;BOT_TAKER;TOMATOES;XIRECS;5071.0;3
452200;SUBMISSION;BOT_TAKER;TOMATOES;XIRECS;5073.0;2
455000;BOT_MAKER;BOT_TAKER;TOMATOES;XIRECS;5068.0;4
456100;BOT_MAKER;BOT_TAKER;TOMATOES;XIRECS;5066.0;2
457900;SUBMISSION;BOT_TAKER;TOMATOES;XIRECS;5069.0;2
458200;BOT_MAKER;BOT_TAKER;TOMATOES;XIRECS;5069.0;4
460900;SUBMISSION;BOT_TAKER;EMERALDS;XIRECS;9993.0;7
460900;BOT_TAKER;BOT_MAKER;TOMATOES;XIRECS;5082.0;2
464000;BOT_TAKER;SUBMISSION;TOMATOES;XIRECS;5080.0;4
467100;SUBMISSION;BOT;TOMATOES;XIRECS;5070.0;12
468100;BOT_TAKER;SUBMISSION;EMERALDS;XIRECS;10007.0;5
468600;BOT_TAKER;BOT_MAKER;TOMATOES;XIRECS;5080.0;5
472000;BOT_TAKER;BOT_MAKER;TOMATOES;XIRECS;5074.0;3
473100;BOT_MAKER;BOT_TAKER;TOMATOES;XIRECS;5061.0;3
473800;SUBMISSION;BOT_TAKER;EMERALDS;XIRECS;9993.0;7
474300;BOT_TAKER;SUBMISSION;TOMATOES;XIRECS;5072.0;3
474400;SUBMISSION;BOT_TAKER;EMERALDS;XIRECS;9993.0;4
474700;BOT_MAKER;BOT_TAKER;TOMATOES;XIRECS;5061.0;3
475100;BOT_MAKER;BOT_TAKER;TOMATOES;XIRECS;5062.0;4
477100;BOT_TAKER;SUBMISSION;TOMATOES;XIRECS;5076.0;5
478300;BOT_MAKER;BOT_TAKER;TOMATOES;XIRECS;5065.0;5
479000;BOT_TAKER;SUBMISSION;EMERALDS;XIRECS;10007.0;8
480000;BOT_TAKER;BOT_MAKER;TOMATOES;XIRECS;5074.0;3
480400;BOT_TAKER;SUBMISSION;EMERALDS;XIRECS;10007.0;3
480900;BOT_TAKER;SUBMISSION;EMERALDS;XIRECS;10007.0;5
480900;BOT_TAKER;SUBMISSION;TOMATOES;XIRECS;5073.0;3
481300;BOT_TAKER;BOT_MAKER;TOMATOES;XIRECS;5071.0;2
481900;SUBMISSION;BOT_TAKER;EMERALDS;XIRECS;9993.0;8
481900;SUBMISSION;BOT_TAKER;TOMATOES;XIRECS;5059.0;4
487700;BOT_TAKER;BOT_MAKER;TOMATOES;XIRECS;5071.0;5
488000;BOT_MAKER;BOT_TAKER;TOMATOES;XIRECS;5060.0;2
491600;BOT_MAKER;BOT_TAKER;TOMATOES;XIRECS;5061.0;5
492900;BOT_TAKER;SUBMISSION;TOMATOES;XIRECS;5074.0;3
493800;BOT_TAKER;BOT_MAKER;TOMATOES;XIRECS;5075.0;2
494300;BOT_TAKER;BOT_MAKER;TOMATOES;XIRECS;5074.0;5
494400;BOT_MAKER;BOT_TAKER;TOMATOES;XIRECS;5061.0;2
494700;BOT_TAKER;SUBMISSION;EMERALDS;XIRECS;10007.0;8
496500;BOT_TAKER;BOT_MAKER;TOMATOES;XIRECS;5074.0;4
497000;SUBMISSION;BOT_TAKER;EMERALDS;XIRECS;9993.0;6
497200;SUBMISSION;BOT;TOMATOES;XIRECS;5066.0;11
499700;BOT_TAKER;SUBMISSION;TOMATOES;XIRECS;5078.0;3
501100;BOT_MAKER;BOT_TAKER;TOMATOES;XIRECS;5066.0;4
505500;BOT_TAKER;SUBMISSION;TOMATOES;XIRECS;5082.0;5
506000;BOT_MAKER;BOT_TAKER;TOMATOES;XIRECS;5069.0;2
509200;BOT_MAKER;BOT_TAKER;TOMATOES;XIRECS;5072.0;3
512700;BOT_TAKER;BOT_MAKER;TOMATOES;XIRECS;5083.0;3
516000;SUBMISSION;BOT_TAKER;EMERALDS;XIRECS;9993.0;7
517300;BOT_TAKER;BOT_MAKER;TOMATOES;XIRECS;5084.0;2
519400;BOT_MAKER;BOT_TAKER;TOMATOES;XIRECS;5076.0;2
521300;BOT_TAKER;BOT_MAKER;TOMATOES;XIRECS;5093.0;3
522500;BOT_TAKER;BOT_MAKER;TOMATOES;XIRECS;5095.0;4
522800;BOT_TAKER;SUBMISSION;TOMATOES;XIRECS;5093.0;4
525900;BOT_TAKER;BOT_MAKER;TOMATOES;XIRECS;5095.0;4
526500;BOT_TAKER;SUBMISSION;EMERALDS;XIRECS;10007.0;4
528500;BOT_TAKER;SUBMISSION;EMERALDS;XIRECS;10007.0;4
529900;BOT_MAKER;BOT_TAKER;TOMATOES;XIRECS;5083.0;3
530000;BOT_TAKER;SUBMISSION;EMERALDS;XIRECS;10007.0;7
530900;SUBMISSION;BOT;TOMATOES;XIRECS;5089.0;10
531200;SUBMISSION;BOT_TAKER;EMERALDS;XIRECS;9993.0;7
535700;BOT_MAKER;BOT_TAKER;TOMATOES;XIRECS;5087.0;4
537700;BOT_TAKER;BOT_MAKER;TOMATOES;XIRECS;5099.0;3
540200;BOT;SUBMISSION;TOMATOES;XIRECS;5092.0;8
540300;BOT_MAKER;BOT_TAKER;TOMATOES;XIRECS;5084.0;3
540600;SUBMISSION;BOT;TOMATOES;XIRECS;5090.0;7
541200;SUBMISSION;BOT_TAKER;EMERALDS;XIRECS;9993.0;8
544500;BOT_TAKER;SUBMISSION;EMERALDS;XIRECS;10007.0;5
545100;BOT_TAKER;SUBMISSION;EMERALDS;XIRECS;10007.0;3
545400;BOT_TAKER;SUBMISSION;TOMATOES;XIRECS;5095.0;2
545500;BOT;SUBMISSION;TOMATOES;XIRECS;5091.0;12
547300;BOT_TAKER;SUBMISSION;EMERALDS;XIRECS;10007.0;3
552200;SUBMISSION;BOT_TAKER;EMERALDS;XIRECS;9993.0;6
552600;BOT_MAKER;BOT_TAKER;TOMATOES;XIRECS;5084.0;5
554700;BOT_MAKER;BOT_TAKER;TOMATOES;XIRECS;5085.0;3
557300;BOT_TAKER;BOT_MAKER;TOMATOES;XIRECS;5094.0;5
558900;BOT_MAKER;BOT_TAKER;TOMATOES;XIRECS;5077.0;3
561100;SUBMISSION;BOT;TOMATOES;XIRECS;5081.0;10
561600;BOT_TAKER;SUBMISSION;EMERALDS;XIRECS;10007.0;6
563900;BOT;SUBMISSION;TOMATOES;XIRECS;5091.0;10
564200;SUBMISSION;BOT_TAKER;TOMATOES;XIRECS;5084.0;2
565700;SUBMISSION;BOT_TAKER;TOMATOES;XIRECS;5083.0;5
568400;SUBMISSION;BOT_TAKER;EMERALDS;XIRECS;9993.0;6
568700;BOT_TAKER;SUBMISSION;EMERALDS;XIRECS;10007.0;8
571500;SUBMISSION;BOT_TAKER;TOMATOES;XIRECS;5078.0;2
571600;BOT_TAKER;BOT_MAKER;TOMATOES;XIRECS;5090.0;3
571700;SUBMISSION;BOT_TAKER;EMERALDS;XIRECS;9993.0;3
573400;SUBMISSION;BOT_TAKER;EMERALDS;XIRECS;9993.0;8
573600;SUBMISSION;BOT_TAKER;EMERALDS;XIRECS;9993.0;4
574700;BOT_MAKER;BOT_TAKER;TOMATOES;XIRECS;5082.0;2
575000;SUBMISSION;BOT_TAKER;TOMATOES;XIRECS;5082.0;2
576400;BOT_TAKER;SUBMISSION;EMERALDS;XIRECS;10007.0;8
577200;BOT_TAKER;SUBMISSION;TOMATOES;XIRECS;5097.0;4
578400;BOT_MAKER;BOT_TAKER;TOMATOES;XIRECS;5084.0;5
579300;BOT_MAKER;BOT_TAKER;TOMATOES;XIRECS;5084.0;3
583800;BOT_TAKER;SUBMISSION;EMERALDS;XIRECS;10007.0;6
583800;BOT_TAKER;BOT_MAKER;TOMATOES;XIRECS;5100.0;2
584200;BOT_TAKER;SUBMISSION;EMERALDS;XIRECS;10007.0;4
584300;BOT_TAKER;SUBMISSION;EMERALDS;XIRECS;10007.0;3
584500;BOT_MAKER;BOT_TAKER;TOMATOES;XIRECS;5087.0;3
585800;SUBMISSION;BOT_TAKER;EMERALDS;XIRECS;9993.0;6
586300;BOT_MAKER;BOT_TAKER;TOMATOES;XIRECS;5089.0;2
586600;SUBMISSION;BOT_TAKER;EMERALDS;XIRECS;9993.0;6
587000;SUBMISSION;BOT_TAKER;EMERALDS;XIRECS;9993.0;4
587800;BOT_TAKER;BOT_MAKER;TOMATOES;XIRECS;5101.0;5
590300;BOT;SUBMISSION;TOMATOES;XIRECS;5095.0;7
592800;SUBMISSION;BOT;TOMATOES;XIRECS;5096.0;5
593800;BOT_TAKER;SUBMISSION;EMERALDS;XIRECS;10007.0;5
595700;BOT_MAKER;BOT_TAKER;TOMATOES;XIRECS;5093.0;4
596500;BOT_TAKER;BOT_MAKER;TOMATOES;XIRECS;5107.0;5
597000;BOT_TAKER;SUBMISSION;TOMATOES;XIRECS;5107.0;2
597200;BOT_TAKER;BOT_MAKER;TOMATOES;XIRECS;5108.0;5
597800;BOT_TAKER;SUBMISSION;TOMATOES;XIRECS;5104.0;5
598300;BOT_TAKER;BOT_MAKER;TOMATOES;XIRECS;5108.0;2
603000;BOT_MAKER;BOT_TAKER;TOMATOES;XIRECS;5092.0;4
607000;BOT_TAKER;BOT_MAKER;TOMATOES;XIRECS;5106.0;5
607100;SUBMISSION;BOT;TOMATOES;XIRECS;5098.0;10
607600;SUBMISSION;BOT_TAKER;EMERALDS;XIRECS;9993.0;4
608100;SUBMISSION;BOT_TAKER;EMERALDS;XIRECS;9993.0;6
610700;BOT_TAKER;SUBMISSION;EMERALDS;XIRECS;10007.0;3
610700;SUBMISSION;BOT_TAKER;TOMATOES;XIRECS;5095.0;4
610900;SUBMISSION;BOT_TAKER;EMERALDS;XIRECS;9993.0;8
612100;BOT_MAKER;BOT_TAKER;TOMATOES;XIRECS;5093.0;3
613500;BOT_MAKER;BOT_TAKER;TOMATOES;XIRECS;5091.0;4
616900;BOT_TAKER;BOT_MAKER;TOMATOES;XIRECS;5104.0;4
624000;BOT_MAKER;BOT_TAKER;TOMATOES;XIRECS;5091.0;2
626700;BOT_MAKER;BOT_TAKER;TOMATOES;XIRECS;5089.0;5
628300;BOT_MAKER;BOT_TAKER;TOMATOES;XIRECS;5088.0;3
628900;BOT_MAKER;BOT_TAKER;TOMATOES;XIRECS;5090.0;5
630300;BOT_TAKER;BOT_MAKER;TOMATOES;XIRECS;5104.0;5
630500;BOT_MAKER;BOT_TAKER;TOMATOES;XIRECS;5095.0;4
630500;SUBMISSION;BOT_TAKER;TOMATOES;XIRECS;5093.0;1
631200;SUBMISSION;BOT_TAKER;EMERALDS;XIRECS;9993.0;6
631200;BOT_MAKER;BOT_TAKER;TOMATOES;XIRECS;5090.0;2
632900;BOT;SUBMISSION;TOMATOES;XIRECS;5099.0;11
633000;BOT_TAKER;SUBMISSION;EMERALDS;XIRECS;10007.0;8
635700;BOT_MAKER;BOT_TAKER;TOMATOES;XIRECS;5090.0;4
636500;BOT_TAKER;SUBMISSION;EMERALDS;XIRECS;10007.0;3
637900;BOT_MAKER;BOT_TAKER;TOMATOES;XIRECS;5095.0;2
638400;BOT_TAKER;BOT_MAKER;TOMATOES;XIRECS;5107.0;4
640500;BOT_TAKER;BOT_MAKER;TOMATOES;XIRECS;5109.0;3
642900;SUBMISSION;BOT_TAKER;EMERALDS;XIRECS;9993.0;3
643800;BOT_TAKER;SUBMISSION;TOMATOES;XIRECS;5111.0;5
649000;BOT_MAKER;BOT_TAKER;TOMATOES;XIRECS;5094.0;4
651300;BOT_MAKER;BOT_TAKER;TOMATOES;XIRECS;5093.0;3
651500;BOT_TAKER;SUBMISSION;EMERALDS;XIRECS;10007.0;5
652300;SUBMISSION;BOT;TOMATOES;XIRECS;5097.0;11
653700;BOT_MAKER;BOT_TAKER;TOMATOES;XIRECS;5091.0;2
654800;BOT_TAKER;SUBMISSION;EMERALDS;XIRECS;10007.0;4
655900;BOT;SUBMISSION;TOMATOES;XIRECS;5100.0;12
658400;BOT_TAKER;SUBMISSION;EMERALDS;XIRECS;10007.0;4
658400;BOT_TAKER;BOT_MAKER;TOMATOES;XIRECS;5102.0;2
659200;BOT_TAKER;BOT_MAKER;TOMATOES;XIRECS;5101.0;2
659500;BOT_MAKER;BOT_TAKER;TOMATOES;XIRECS;5087.0;4
660200;BOT;SUBMISSION;TOMATOES;XIRECS;5094.0;12
660700;SUBMISSION;BOT_TAKER;EMERALDS;XIRECS;9993.0;4
661100;SUBMISSION;BOT_TAKER;TOMATOES;XIRECS;5089.0;2
664000;BOT_TAKER;SUBMISSION;EMERALDS;XIRECS;10007.0;4
664000;BOT_MAKER;BOT_TAKER;TOMATOES;XIRECS;5085.0;3
664400;BOT_TAKER;SUBMISSION;EMERALDS;XIRECS;10007.0;8
664900;SUBMISSION;BOT_TAKER;TOMATOES;XIRECS;5088.0;5
666300;BOT_TAKER;BOT_MAKER;TOMATOES;XIRECS;5099.0;5
668000;SUBMISSION;BOT_TAKER;EMERALDS;XIRECS;9993.0;5
668800;BOT_TAKER;SUBMISSION;EMERALDS;XIRECS;10007.0;4
669300;BOT_TAKER;SUBMISSION;EMERALDS;XIRECS;10007.0;8
671000;BOT_TAKER;SUBMISSION;TOMATOES;XIRECS;5103.0;4
673200;SUBMISSION;BOT;TOMATOES;XIRECS;5099.0;11
674300;SUBMISSION;BOT_TAKER;EMERALDS;XIRECS;9993.0;6
674300;BOT_MAKER;BOT_TAKER;TOMATOES;XIRECS;5096.0;5
675100;BOT_TAKER;SUBMISSION;TOMATOES;XIRECS;5108.0;2
677300;SUBMISSION;BOT;TOMATOES;XIRECS;5100.0;9
679100;SUBMISSION;BOT_TAKER;TOMATOES;XIRECS;5096.0;3
679200;BOT_MAKER;BOT_TAKER;TOMATOES;XIRECS;5095.0;3
681500;SUBMISSION;BOT_TAKER;TOMATOES;XIRECS;5097.0;5
682200;BOT_MAKER;BOT_TAKER;TOMATOES;XIRECS;5095.0;5
683900;SUBMISSION;BOT;TOMATOES;XIRECS;5101.0;10
684700;BOT_TAKER;BOT_MAKER;TOMATOES;XIRECS;5110.0;2
686000;BOT_TAKER;SUBMISSION;EMERALDS;XIRECS;10007.0;8
687800;SUBMISSION;BOT_TAKER;EMERALDS;XIRECS;9993.0;7
688200;BOT_MAKER;BOT_TAKER;TOMATOES;XIRECS;5100.0;5
691400;BOT_TAKER;SUBMISSION;EMERALDS;XIRECS;10007.0;6
694200;SUBMISSION;BOT;TOMATOES;XIRECS;5107.0;12
699500;BOT_MAKER;BOT_TAKER;TOMATOES;XIRECS;5103.0;4
699900;SUBMISSION;BOT_TAKER;EMERALDS;XIRECS;9993.0;8
703100;BOT_TAKER;SUBMISSION;EMERALDS;XIRECS;10007.0;5
703900;BOT_TAKER;SUBMISSION;EMERALDS;XIRECS;10007.0;7
704300;BOT_TAKER;BOT_MAKER;TOMATOES;XIRECS;5119.0;2
706100;BOT_MAKER;BOT_TAKER;TOMATOES;XIRECS;5108.0;2
706300;BOT_MAKER;BOT_TAKER;TOMATOES;XIRECS;5108.0;2
709300;BOT_MAKER;BOT_TAKER;TOMATOES;XIRECS;5109.0;2
710800;BOT_MAKER;BOT_TAKER;TOMATOES;XIRECS;5108.0;3
711200;BOT_TAKER;BOT_MAKER;TOMATOES;XIRECS;5122.0;4
711600;BOT_TAKER;SUBMISSION;TOMATOES;XIRECS;5120.0;5
712000;SUBMISSION;BOT_TAKER;EMERALDS;XIRECS;9993.0;4
712300;BOT_TAKER;BOT_MAKER;TOMATOES;XIRECS;5122.0;5
714900;BOT_MAKER;BOT_TAKER;TOMATOES;XIRECS;5106.0;2
716600;BOT_TAKER;SUBMISSION;EMERALDS;XIRECS;10007.0;7
718200;SUBMISSION;BOT_TAKER;EMERALDS;XIRECS;9993.0;6
719400;BOT_TAKER;SUBMISSION;TOMATOES;XIRECS;5118.0;5
720400;SUBMISSION;BOT;TOMATOES;XIRECS;5109.0;12
723100;SUBMISSION;BOT_TAKER;EMERALDS;XIRECS;9993.0;7
724600;BOT_MAKER;BOT_TAKER;TOMATOES;XIRECS;5101.0;3
726200;SUBMISSION;BOT;TOMATOES;XIRECS;5108.0;5
728500;BOT_MAKER;BOT_TAKER;TOMATOES;XIRECS;5104.0;2
729700;BOT_TAKER;SUBMISSION;TOMATOES;XIRECS;5118.0;3
732800;BOT_TAKER;BOT_MAKER;TOMATOES;XIRECS;5117.0;2
733100;BOT_TAKER;BOT_MAKER;TOMATOES;XIRECS;5116.0;2
735300;BOT_TAKER;SUBMISSION;TOMATOES;XIRECS;5114.0;3
735400;BOT_TAKER;SUBMISSION;EMERALDS;XIRECS;10007.0;5
736000;BOT_TAKER;SUBMISSION;EMERALDS;XIRECS;10007.0;5
736100;BOT_MAKER;BOT_TAKER;TOMATOES;XIRECS;5101.0;4
736800;SUBMISSION;BOT_TAKER;EMERALDS;XIRECS;9993.0;4
737200;BOT_TAKER;BOT_MAKER;TOMATOES;XIRECS;5116.0;4
738800;BOT_TAKER;SUBMISSION;EMERALDS;XIRECS;10007.0;8
739300;BOT_MAKER;BOT_TAKER;TOMATOES;XIRECS;5100.0;2
745900;BOT_TAKER;SUBMISSION;TOMATOES;XIRECS;5117.0;5
746700;BOT_TAKER;SUBMISSION;TOMATOES;XIRECS;5119.0;2
749700;BOT_TAKER;BOT_MAKER;TOMATOES;XIRECS;5115.0;3
750200;BOT_MAKER;BOT_TAKER;TOMATOES;XIRECS;5109.0;5
751400;BOT_TAKER;BOT_MAKER;TOMATOES;XIRECS;5120.0;2
756200;BOT_TAKER;SUBMISSION;TOMATOES;XIRECS;5121.0;4
756300;BOT_MAKER;BOT_TAKER;TOMATOES;XIRECS;5110.0;2
757900;SUBMISSION;BOT;TOMATOES;XIRECS;5111.0;12
758000;BOT_TAKER;BOT_MAKER;TOMATOES;XIRECS;5119.0;4
763700;BOT_MAKER;BOT_TAKER;TOMATOES;XIRECS;5103.0;5
765000;BOT_MAKER;BOT_TAKER;TOMATOES;XIRECS;5107.0;2
765100;SUBMISSION;BOT_TAKER;EMERALDS;XIRECS;9993.0;6
765700;SUBMISSION;BOT_TAKER;EMERALDS;XIRECS;9993.0;7
769900;BOT_MAKER;BOT_TAKER;TOMATOES;XIRECS;5109.0;3
770700;BOT_MAKER;BOT_TAKER;TOMATOES;XIRECS;5110.0;2
774900;BOT_MAKER;BOT_TAKER;TOMATOES;XIRECS;5109.0;3
775100;BOT_TAKER;SUBMISSION;TOMATOES;XIRECS;5119.0;3
776500;BOT_TAKER;SUBMISSION;EMERALDS;XIRECS;10007.0;4
777000;BOT_MAKER;BOT_TAKER;TOMATOES;XIRECS;5110.0;2
777200;BOT_TAKER;SUBMISSION;EMERALDS;XIRECS;10007.0;4
781100;BOT_MAKER;BOT_TAKER;TOMATOES;XIRECS;5110.0;3
782700;BOT_MAKER;BOT_TAKER;TOMATOES;XIRECS;5112.0;3
785200;BOT_MAKER;BOT_TAKER;TOMATOES;XIRECS;5111.0;5
787000;BOT_MAKER;BOT_TAKER;TOMATOES;XIRECS;5110.0;5
787300;BOT_MAKER;BOT_TAKER;TOMATOES;XIRECS;5110.0;3
789000;BOT_TAKER;SUBMISSION;EMERALDS;XIRECS;10007.0;5
791100;BOT_MAKER;BOT_TAKER;TOMATOES;XIRECS;5115.0;4
796400;BOT_TAKER;SUBMISSION;TOMATOES;XIRECS;5126.0;3
797100;SUBMISSION;BOT_TAKER;EMERALDS;XIRECS;9993.0;7
799900;BOT_TAKER;SUBMISSION;TOMATOES;XIRECS;5121.0;5
807000;SUBMISSION;BOT_TAKER;EMERALDS;XIRECS;9993.0;3
809200;BOT_TAKER;BOT_MAKER;TOMATOES;XIRECS;5130.0;5
810800;BOT_TAKER;SUBMISSION;TOMATOES;XIRECS;5129.0;3
816200;BOT_MAKER;BOT_TAKER;TOMATOES;XIRECS;5117.0;2
818900;BOT_MAKER;BOT_TAKER;TOMATOES;XIRECS;5117.0;5
819000;SUBMISSION;BOT_TAKER;EMERALDS;XIRECS;9993.0;6
819500;BOT_TAKER;SUBMISSION;EMERALDS;XIRECS;10007.0;6
820400;BOT_MAKER;BOT_TAKER;TOMATOES;XIRECS;5118.0;2
820600;SUBMISSION;BOT_TAKER;EMERALDS;XIRECS;9993.0;6
823300;BOT_MAKER;BOT_TAKER;TOMATOES;XIRECS;5117.0;2
825700;BOT_MAKER;BOT_TAKER;TOMATOES;XIRECS;5123.0;4
828800;SUBMISSION;BOT_TAKER;EMERALDS;XIRECS;9993.0;3
829400;BOT_MAKER;BOT_TAKER;TOMATOES;XIRECS;5123.0;4
829500;BOT_TAKER;SUBMISSION;TOMATOES;XIRECS;5134.0;5
830600;BOT_MAKER;BOT_TAKER;TOMATOES;XIRECS;5121.0;5
831700;SUBMISSION;BOT_TAKER;EMERALDS;XIRECS;9993.0;8
832100;BOT_TAKER;SUBMISSION;EMERALDS;XIRECS;10007.0;4
832800;BOT_TAKER;SUBMISSION;TOMATOES;XIRECS;5129.0;5
833100;BOT_TAKER;SUBMISSION;EMERALDS;XIRECS;10007.0;6
833700;BOT_TAKER;SUBMISSION;EMERALDS;XIRECS;10007.0;8
837800;BOT_TAKER;SUBMISSION;TOMATOES;XIRECS;5129.0;3
838100;SUBMISSION;BOT;TOMATOES;XIRECS;5121.0;8
839400;SUBMISSION;BOT_TAKER;EMERALDS;XIRECS;9993.0;4
839900;BOT_TAKER;SUBMISSION;EMERALDS;XIRECS;10007.0;6
840600;BOT_TAKER;SUBMISSION;EMERALDS;XIRECS;10007.0;7
840700;BOT_TAKER;SUBMISSION;EMERALDS;XIRECS;10007.0;4
842800;BOT_TAKER;BOT_MAKER;TOMATOES;XIRECS;5130.0;3
843800;BOT_TAKER;SUBMISSION;EMERALDS;XIRECS;10007.0;7
847100;SUBMISSION;BOT_TAKER;EMERALDS;XIRECS;9993.0;6
849000;SUBMISSION;BOT_TAKER;EMERALDS;XIRECS;9993.0;3
850600;BOT_TAKER;SUBMISSION;EMERALDS;XIRECS;10007.0;4
851400;BOT_MAKER;BOT_TAKER;TOMATOES;XIRECS;5123.0;2
851700;BOT_MAKER;BOT_TAKER;TOMATOES;XIRECS;5123.0;3
853600;SUBMISSION;BOT_TAKER;EMERALDS;XIRECS;9993.0;8
855100;BOT_TAKER;SUBMISSION;EMERALDS;XIRECS;10007.0;5
856900;BOT_TAKER;SUBMISSION;TOMATOES;XIRECS;5139.0;5
859400;BOT_TAKER;BOT_MAKER;TOMATOES;XIRECS;5143.0;4
859900;BOT_MAKER;BOT_TAKER;TOMATOES;XIRECS;5128.0;4
860000;SUBMISSION;BOT_TAKER;EMERALDS;XIRECS;9993.0;4
863200;BOT_TAKER;SUBMISSION;EMERALDS;XIRECS;10007.0;8
864100;BOT_MAKER;BOT_TAKER;TOMATOES;XIRECS;5132.0;3
865600;BOT_MAKER;BOT_TAKER;TOMATOES;XIRECS;5133.0;2
866300;BOT_TAKER;BOT_MAKER;TOMATOES;XIRECS;5145.0;2
869000;BOT_TAKER;SUBMISSION;TOMATOES;XIRECS;5145.0;3
869200;SUBMISSION;BOT_TAKER;EMERALDS;XIRECS;9993.0;5
869600;SUBMISSION;BOT_TAKER;EMERALDS;XIRECS;9993.0;6
871900;SUBMISSION;BOT;TOMATOES;XIRECS;5144.0;9
878200;BOT_TAKER;SUBMISSION;EMERALDS;XIRECS;10007.0;6
879600;BOT_MAKER;BOT_TAKER;TOMATOES;XIRECS;5141.0;5
880400;BOT;SUBMISSION;TOMATOES;XIRECS;5149.0;11
881200;BOT_TAKER;SUBMISSION;TOMATOES;XIRECS;5154.0;4
887400;BOT_MAKER;BOT_TAKER;TOMATOES;XIRECS;5142.0;3
888500;BOT_TAKER;BOT_MAKER;TOMATOES;XIRECS;5153.0;2
889000;BOT_TAKER;SUBMISSION;EMERALDS;XIRECS;10007.0;7
889000;BOT_TAKER;SUBMISSION;TOMATOES;XIRECS;5154.0;3
891000;BOT_TAKER;SUBMISSION;TOMATOES;XIRECS;5155.0;2
891100;BOT_TAKER;BOT_MAKER;TOMATOES;XIRECS;5156.0;5
891700;BOT;SUBMISSION;TOMATOES;XIRECS;5152.0;9
892100;BOT_TAKER;BOT_MAKER;TOMATOES;XIRECS;5159.0;4
893900;SUBMISSION;BOT_TAKER;EMERALDS;XIRECS;9993.0;4
894500;BOT_MAKER;BOT_TAKER;TOMATOES;XIRECS;5146.0;5
894900;SUBMISSION;BOT;TOMATOES;XIRECS;5151.0;8
897100;BOT_TAKER;SUBMISSION;TOMATOES;XIRECS;5158.0;5
897400;BOT_TAKER;BOT_MAKER;TOMATOES;XIRECS;5160.0;3
898300;BOT_MAKER;BOT_TAKER;TOMATOES;XIRECS;5148.0;4
899500;BOT_TAKER;BOT_MAKER;TOMATOES;XIRECS;5160.0;5
902000;SUBMISSION;BOT_TAKER;EMERALDS;XIRECS;9993.0;8
903300;BOT_MAKER;BOT_TAKER;TOMATOES;XIRECS;5150.0;2
903500;BOT_TAKER;BOT_MAKER;TOMATOES;XIRECS;5162.0;4
903800;BOT_MAKER;BOT_TAKER;TOMATOES;XIRECS;5150.0;3
904800;BOT_MAKER;BOT_TAKER;TOMATOES;XIRECS;5153.0;2
909100;BOT_MAKER;BOT_TAKER;TOMATOES;XIRECS;5152.0;4
909300;SUBMISSION;BOT_TAKER;EMERALDS;XIRECS;9993.0;6
910000;BOT_MAKER;BOT_TAKER;TOMATOES;XIRECS;5153.0;5
910200;BOT_MAKER;BOT_TAKER;TOMATOES;XIRECS;5160.0;5
916300;BOT_MAKER;BOT_TAKER;TOMATOES;XIRECS;5160.0;5
916400;SUBMISSION;BOT_TAKER;EMERALDS;XIRECS;9993.0;5
921200;BOT_TAKER;SUBMISSION;TOMATOES;XIRECS;5177.0;5
921400;SUBMISSION;BOT_TAKER;TOMATOES;XIRECS;5166.0;2
922400;SUBMISSION;BOT_TAKER;TOMATOES;XIRECS;5164.0;2
922500;BOT_MAKER;BOT_TAKER;TOMATOES;XIRECS;5162.0;5
923200;BOT_TAKER;BOT_MAKER;TOMATOES;XIRECS;5175.0;4
923500;BOT_TAKER;SUBMISSION;EMERALDS;XIRECS;10007.0;5
924200;BOT_TAKER;BOT_MAKER;TOMATOES;XIRECS;5173.0;5
925000;BOT_MAKER;BOT_TAKER;TOMATOES;XIRECS;5161.0;3
926100;SUBMISSION;BOT_TAKER;EMERALDS;XIRECS;9993.0;7
926900;SUBMISSION;BOT;TOMATOES;XIRECS;5164.0;5
928400;BOT_TAKER;SUBMISSION;TOMATOES;XIRECS;5171.0;5
928600;SUBMISSION;BOT_TAKER;EMERALDS;XIRECS;9993.0;4
930700;BOT_MAKER;BOT_TAKER;TOMATOES;XIRECS;5155.0;2
930900;BOT_TAKER;BOT_MAKER;TOMATOES;XIRECS;5167.0;4
935300;BOT_TAKER;BOT_MAKER;TOMATOES;XIRECS;5169.0;4
936800;BOT_TAKER;SUBMISSION;TOMATOES;XIRECS;5170.0;5
939800;BOT_TAKER;BOT_MAKER;TOMATOES;XIRECS;5171.0;3
940100;BOT_TAKER;SUBMISSION;EMERALDS;XIRECS;10007.0;7
941300;BOT_TAKER;SUBMISSION;EMERALDS;XIRECS;10007.0;6
942600;BOT_TAKER;SUBMISSION;EMERALDS;XIRECS;10007.0;6
943800;BOT_TAKER;BOT_MAKER;TOMATOES;XIRECS;5175.0;4
947300;SUBMISSION;BOT;TOMATOES;XIRECS;5167.0;12
949600;BOT_MAKER;BOT_TAKER;TOMATOES;XIRECS;5162.0;2
949900;BOT_MAKER;BOT_TAKER;TOMATOES;XIRECS;5162.0;3
953700;SUBMISSION;BOT;TOMATOES;XIRECS;5170.0;8
954400;BOT_TAKER;BOT_MAKER;TOMATOES;XIRECS;5172.0;3
964300;BOT_TAKER;SUBMISSION;EMERALDS;XIRECS;10007.0;7
965800;BOT_TAKER;BOT_MAKER;TOMATOES;XIRECS;5178.0;5
969700;BOT_MAKER;BOT_TAKER;TOMATOES;XIRECS;5164.0;3
971100;BOT_MAKER;BOT_TAKER;TOMATOES;XIRECS;5166.0;4
973300;BOT_TAKER;SUBMISSION;EMERALDS;XIRECS;10007.0;6
973600;BOT_TAKER;BOT_MAKER;TOMATOES;XIRECS;5183.0;5
975600;BOT_TAKER;SUBMISSION;TOMATOES;XIRECS;5179.0;2
979100;SUBMISSION;BOT_TAKER;EMERALDS;XIRECS;9993.0;6
979400;SUBMISSION;BOT_TAKER;EMERALDS;XIRECS;9993.0;8
982300;BOT_TAKER;BOT_MAKER;TOMATOES;XIRECS;5180.0;2
983400;BOT_MAKER;BOT_TAKER;TOMATOES;XIRECS;5167.0;3
984300;BOT_TAKER;SUBMISSION;EMERALDS;XIRECS;10007.0;6
985600;BOT_MAKER;BOT_TAKER;TOMATOES;XIRECS;5167.0;2
986900;BOT_TAKER;SUBMISSION;TOMATOES;XIRECS;5181.0;4
991100;BOT_TAKER;SUBMISSION;EMERALDS;XIRECS;10007.0;3
993000;BOT_TAKER;SUBMISSION;EMERALDS;XIRECS;10007.0;6
995100;BOT_MAKER;BOT_TAKER;TOMATOES;XIRECS;5169.0;3
995500;BOT_TAKER;SUBMISSION;TOMATOES;XIRECS;5180.0;4
995900;SUBMISSION;BOT_TAKER;EMERALDS;XIRECS;9993.0;5
997200;BOT_MAKER;BOT_TAKER;TOMATOES;XIRECS;5172.0;3
997500;BOT_TAKER;BOT_MAKER;TOMATOES;XIRECS;5179.0;5
998500;BOT_MAKER;BOT_TAKER;TOMATOES;XIRECS;5171.0;2
998500;SUBMISSION;BOT_TAKER;TOMATOES;XIRECS;5170.0;2
998900;BOT_MAKER;BOT_TAKER;TOMATOES;XIRECS;5168.0;5
